model,provider,category,overall,weighted
tencent/hy3:free,openrouter,coding,0.5239675101919289,18.750000000000004
tencent/hy3:free,openrouter,debugging,0.5239675101919289,2.4
tencent/hy3:free,openrouter,general,0.5239675101919289,0.6066666666666667
tencent/hy3:free,openrouter,instruction,0.5239675101919289,0.19444444444444442
tencent/hy3:free,openrouter,json,0.5239675101919289,0.0
tencent/hy3:free,openrouter,latency,0.5239675101919289,6.225940010001068
tencent/hy3:free,openrouter,reasoning,0.5239675101919289,10.106250000000001
tencent/hy3:free,openrouter,research,0.5239675101919289,12.9375
tencent/hy3:free,openrouter,code_review,0.5239675101919289,6.415625
